{
    "page": 2,
    "per_page": 6,
    "total": 12,
    "total_pages": 2,
    "data": [
        {
            "id": 7,
            "email": "michael.lawson@reqres.in",
            "first_name": "Michael",
            "last_name": "Lawson",
            "edad":"19",
            "dir":"greenwitch",
            "cel":"093309236",
            "avatar": "https://reqres.in/img/faces/7-image.jpg"
        },
        {
            "id": 8,
            "email": "lindsay.ferguson@reqres.in",
            "first_name": "Lindsay",
            "last_name": "Ferguson",
            "edad":"19",
            "dir":"greenwitch",
            "cel":"093627298",
            "avatar": "https://reqres.in/img/faces/8-image.jpg"
        },
        {
            "id": 9,
            "email": "tobias.funke@reqres.in",
            "first_name": "Tobias",
            "last_name": "Funke",
            "edad":"19",
            "dir":"greenwitch",
            "cel":"097297219",
            "avatar": "https://reqres.in/img/faces/9-image.jpg"
        },
        {
            "id": 10,
            "email": "byron.fields@reqres.in",
            "first_name": "Byron",
            "last_name": "Fields",
            "edad":"19",
            "dir":"greenwitch",
            "cel":"093309276",
            "avatar": "https://reqres.in/img/faces/10-image.jpg"
        },
        {
            "id": 11,
            "email": "george.edwards@reqres.in",
            "first_name": "George",
            "last_name": "Edwards",
            "edad":"19",
            "dir":"greenwitch",
            "cel":"093309276",
            "avatar": "https://reqres.in/img/faces/11-image.jpg"
        },
        {
            "id": 12,
            "email": "rachel.howell@reqres.in",
            "first_name": "Rachel",
            "last_name": "Howell",
            "edad":"19",
            "dir":"greenwitch",
            "cel":"093309276",
            "avatar": "https://reqres.in/img/faces/12-image.jpg"
        }
    ]

}